source,headline,summary,url,published,topic,sentiment,sentiment_confidence,entities,events,gemini_summary
CNBC (Breaking News),Iran war threatens $11.7 trillion global travel industry as passengers get caught in crossfire,"Travelers who are far from falling missiles, drone attacks and other geopolitical flashpoints aren't immune to ripple effects.",https://www.cnbc.com/2026/03/05/iran-war-travel-flights-cruise-hotels.html,2026-03-07T15:56:05,Risk / Geopolitics,negative,0.9,,Risk-Off Shock,
CNBC (Breaking News),Trump admin announces $20 billion reinsurance program for oil tankers during Iran war,Tanker traffic through the Strait of Hormuz remains at a standstill as the Iran war engulfs the region.,https://www.cnbc.com/2026/03/06/trump-reinsurance-oil-iran-war.html,2026-03-07T15:33:31,Risk / Geopolitics,neutral,0.5,,Risk-Off Shock,
CNBC (Breaking News),Here are 3 themes that drove another challenging week on Wall Street,"Surprising economic data, another batch of earnings, and an intensifying conflict in the Middle East all combined to move the market, mostly downward.",https://www.cnbc.com/2026/03/07/here-are-3-themes-that-drove-another-challenging-week-on-wall-street.html,2026-03-07T15:29:52,Risk / Geopolitics,neutral,0.5,,Risk-Off Shock,
CNBC (Breaking News),"Middle-income homebuyers have $30,000 more buying power than a year ago, research finds. It's still not enough","While the amount that a median-income household can afford is higher than it was a year ago, it is still below the median price for a single-family home.",https://www.cnbc.com/2026/03/07/median-income-households-buying-power.html,2026-03-07T14:30:02,Other,neutral,0.5,,,
CNBC (Breaking News),"When to talk to AI chatbots about mental health—and when to stay far away, professionals say","Some Americans are using AI chatbots for therapy. Mental health experts share when it is, and isn't, safe to use those tools for emotional support.",https://www.cnbc.com/2026/03/07/when-you-shouldand-shouldntuse-chatgpt-as-a-therapist-from-experts.html,2026-03-07T14:05:01,Other,neutral,0.5,,,
CNBC (Breaking News),This homebuilding play is one of the most oversold stocks amid this week’s market turmoil,Builders FirstSource posted a double-digit decline on the week as the U.S.-Iran war and higher oil prices rattled the broader market.,https://www.cnbc.com/2026/03/07/this-homebuilding-play-is-one-of-the-most-oversold-stocks-amid-this-weeks-market-turmoil.html,2026-03-07T13:53:11,Inflation,neutral,0.5,,Risk-Off Shock,
CNBC (Breaking News),Goldman likes these five stocks as market fears intensify,Goldman Sachs named five stocks that the firm says have more room to run as market uncertainty continues,https://www.cnbc.com/2026/03/07/five-stocks-to-buy-on-market-jitters.html,2026-03-07T13:49:29,Other,negative,0.9,,,
CNBC (Breaking News),Will Iran war fallout end the bull market? When investors really need to worry,"Bank of America says there could be ""non-linear"" effects on the economy if oil ever stays above $100 a barrel.",https://www.cnbc.com/2026/03/07/will-iran-war-fallout-end-the-bull-market-when-investors-need-to-worry.html,2026-03-07T13:41:24,Risk / Geopolitics,neutral,0.5,,Risk-Off Shock,
CNBC (Breaking News),"Berkshire CEO Greg Abel on working with Buffett, Kraft Heinz and using all his salary to buy the stock","Berkshire Hathaway's new CEO, Greg Abel, generated some significant headlines during a roughly half-hour live interview on CNBC's ""Squawk Box.""",https://www.cnbc.com/2026/03/07/berkshire-ceo-greg-abel-on-working-with-buffett-kraft-heinz-and-using-all-his-salary-to-buy-the-stock.html,2026-03-07T13:31:42,Monetary Policy,neutral,0.5,,,
CNBC (Breaking News),How China is challenging the U.S. to become the next great space power,A new report warns that the U.S. could lose its dominance in space to China in the next few years.,https://www.cnbc.com/2026/03/07/china-us-space-race-rockets.html,2026-03-07T13:00:01,Risk / Geopolitics,neutral,0.5,,Risk-Off Shock,
CNBC (Breaking News),Former U.S. trade chief Lighthizer resigns from Trump Media board,"Lighthizer's departure ‌from the board and its committees was not due to any ​disagreements with the company's management or the board, the filing said.",https://www.cnbc.com/2026/03/07/former-us-trade-chief-lighthizer-resigns-from-trump-media-board.html,2026-03-07T11:13:22,Other,neutral,0.5,,,
CNBC (Breaking News),"'E-shaped' economy is replacing a K-shaped one in 2026, economist says: The middle class is 'spending in a nervous way' now","Economist Heather Long says the U.S. economy is diverging into three tiers of consumer behavior instead of two, amid an ongoing affordability crisis.",https://www.cnbc.com/2026/03/06/e-shaped-economy-replacing-k-shape-2026.html,2026-03-07T04:34:33,Other,neutral,0.5,,,
CNBC (Breaking News),"Palantir rallies 15% for the week as Iran war boosts prospects, muting Anthropic concern",Palantir's stock had its best week since August and outperformed all of its large-cap tech peers after the U.S. attacked Iran.,https://www.cnbc.com/2026/03/06/palantir-stock-jumps-15percent-in-week-on-iran-war-boosts-anthropic-muted.html,2026-03-07T00:07:18,Risk / Geopolitics,neutral,0.5,,Risk-Off Shock,
CNBC (Breaking News),"Robinhood's venture fund, which gives investors access to private companies, tanks 11% on first day","Robinhood's Venture Fund I plunged 11% in its debut on the New York Stock Exchange on Friday, casting doubt on investors' appetite for riskier investment.",https://www.cnbc.com/2026/03/06/robinhoods-venture-fund-which-gives-investors-access-to-private-companies-tanks-11percent-on-first-day.html,2026-03-06T23:41:32,Other,negative,0.9,,,
CNBC (Breaking News),"Dow falls 450 points, posts worst week in nearly a year as oil tops $90, jobs data disappoints: Live updates","Stocks fell Friday, adding to their weekly declines, as oil prices spiked and traders reacted to an unexpected drop in new U.S. jobs data.",https://www.cnbc.com/2026/03/05/stock-market-today-live-updates.html,2026-03-06T22:39:07,Inflation,neutral,0.5,,,
CNBC (Breaking News),"Average IRS tax refund is up 10.6%, early filing data shows","The average IRS tax refund is up 10.6%, based on early filing data. Here's what you can expect.",https://www.cnbc.com/2026/03/06/average-irs-tax-refund.html,2026-03-06T22:04:12,Other,neutral,0.5,,,
CNBC (Breaking News),Trump tariffs: Customs and Border Protection tells judge it can't comply with refund order,CBP told Judge Richard Eaton that the technology upgrades it plans would save more than 4 million man-hours in processing refunds for Trump's tariffs.,https://www.cnbc.com/2026/03/06/trump-trade-tariffs-refunds-customs-border-protection.html,2026-03-06T21:16:15,Other,positive,0.9,,,
CNBC (Breaking News),You can buy gold on Amazon — but should you?,"Amazon is one option to buy gold bullion online, but here's what you need to know before you put it in your cart.",https://www.cnbc.com/select/how-to-buy-gold-from-amazon/,2026-03-06T20:31:15,Other,neutral,0.5,,,
CNBC (Breaking News),Google joins Microsoft in telling users Anthropic is still available outside defense projects,Cloud vendors are letting customers know that Anthropic's popular AI tools can still be accessed after the Department of Defense blacklisted the company.,https://www.cnbc.com/2026/03/06/google-says-anthropic-remains-available-outside-of-defense-projects.html,2026-03-06T19:53:35,Other,neutral,0.5,,,
RBA (Speeches),Speech: On the Safe-haven Status of the US Dollar,"Remarks by Andrew Hauser, Deputy Governor, at the 2026 US Monetary Policy Forum, New York",https://www.rba.gov.au/speeches/2026/sp-dg-2026-03-07.html,2026-03-06T18:30:00,Monetary Policy,neutral,0.5,Dollar,,
CNBC (Breaking News),"GOP 'big beautiful bill' poised to deliver 'shock' to ACA marketplace, health policy experts say","The GOP's ""big beautiful bill"" made administrative tweaks expected to reduce enrollment in the Affordable Care Act marketplace by millions of people.",https://www.cnbc.com/2026/03/06/gop-big-beautiful-bill-to-deal-shock-to-the-aca-marketplace.html,2026-03-06T18:24:01,Monetary Policy,neutral,0.5,,,
ECB (Press & Speeches),Isabel Schnabel: Navigating inflation and employment in an era of supply shocks and AI,,https://www.ecb.europa.eu//press/key/date/2026/html/ecb.sp260306_1~a4943607d7.en.html,2026-03-06T17:00:00,Inflation,neutral,0.5,,,
ECB (Publications),"Letter from the ECB President to Mr Fabio de Masi, MEP, on institutional matters",,https://www.ecb.europa.eu//pub/pdf/other/ecb.mepletter260306_De_Masi~79015a2acb.en.pdf,2026-03-06T15:00:00,Other,neutral,0.5,ECB,,
ECB (Press & Speeches),Piero Cipollone: Digital euro,,https://www.ecb.europa.eu//press/key/date/2026/html/ecb.sp260306~d0237cda20.en.pdf,2026-03-06T13:30:00,FX / Markets,neutral,0.5,Euro,,
BIS (All Categories),Generative AI for surveys on payment apps: AI views on privacy and technology,"by Koji Takahashi, Joon Suk Park<br />This study uses ChatGPT to simulate survey responses about payment apps, focusing on privacy and perceived benefits. By designing prompts that mirror real user characteristics, the generated responses align with findings from a Dutch survey, especially when grouped by privacy concern. Privacy-concerned agents view apps less favorably, while users show more positive attitudes than non-users, even without such traits in the prompt.",https://www.bis.org/publ/work1333.htm,2026-03-06T13:00:00,Monetary Policy,neutral,0.5,,,
Federal Reserve (Press),Agencies clarify the capital treatment of tokenized securities,Agencies clarify the capital treatment of tokenized securities,https://www.federalreserve.gov/newsevents/pressreleases/bcreg20260305a.htm,2026-03-05T20:30:00,Other,neutral,0.5,,,
ECB (Press & Speeches),"Christine Lagarde: Technology, fragmentation and the new uncertainty",,https://www.ecb.europa.eu//press/key/date/2026/html/ecb.sp260305~b091c4a651.en.html,2026-03-05T17:00:00,Other,negative,0.9,,,
Federal Reserve (Press),Federal Reserve Board announces termination of enforcement action with Wells Fargo,Federal Reserve Board announces termination of enforcement action with Wells Fargo,https://www.federalreserve.gov/newsevents/pressreleases/enforcement20260305a.htm,2026-03-05T16:00:00,Other,neutral,0.5,Federal Reserve,,
ECB (Press & Speeches),Meeting of 4-5 February 2026,,https://www.ecb.europa.eu//press/accounts/2026/html/ecb.mg260305~4a9b7afe1c.en.html,2026-03-05T12:30:00,Monetary Policy,neutral,0.5,,,
BIS (All Categories),Joachim Nagel: Central banking in an age of geoeconomic fragmentation and global uncertainty,"Speech by Dr Joachim Nagel, President of the Deutsche Bundesbank, at the 157th Baden-Badener Unternehmer Gespräche, Baden-Baden, 1 March 2026.",https://www.bis.org/review/r260303h.htm,2026-03-05T10:39:00,Other,negative,0.9,,,
BIS (All Categories),"Lisa D Cook: Opening remarks for the ""AI and productivity across the economy"" panel","Opening remarks by Ms Lisa D Cook, Member of the Board of Governors of the Federal Reserve System, at the 42nd Annual NABE (National Association for Business Economics) Economic Policy Conference ""The great realignment: navigating AI, demographic and geoeconomic shifts"", Washington DC, 24 February 2026.",https://www.bis.org/review/r260303a.htm,2026-03-05T10:12:00,Monetary Policy,neutral,0.5,Federal Reserve,,
ECB (Publications),A robust approach to tilting: parametric relative entropy,"We introduce a novel methodology, ”parametric tilting,” for incorporating external information into econometric model-based density forecasts. Unlike traditional entropic tilting, which can generate unrealistic or unstable distributions under certain conditions, parametric tilting ensures more reliable and numerically stable results. Our approach leverages the flexibility of the skew-T distribution, which captures key moments of macroeconomic time series, and minimizes the Kullback-Leibler divergence between the target and model-based distributions. This method overcomes limitations of entropic tilting, such as multimodal or degenerate distributions, providing a robust alternative for policymakers and researchers aiming to integrate external views into probabilistic forecasting frameworks.",https://www.ecb.europa.eu//pub/pdf/scpwps/ecb.wp3200~11eaa17194.en.pdf,2026-03-05T10:00:00,Monetary Policy,positive,0.9,,,
BIS (All Categories),"Henry F Saamoi: Keynote address - ""Opening Ceremony of the Meetings of the College of Supervisors of the West Africa Monetary Zone""","Keynote address by Mr Henry F Saamoi, Executive Governor of the Central Bank of Liberia, at the Opening Ceremony of the Meetings of the College of Supervisors of the West Africa Monetary Zone (CSWAMZ), Monrovia, 4 February 2026.",https://www.bis.org/review/r260303f.htm,2026-03-05T10:00:00,Monetary Policy,negative,0.9,,,
BIS Data Portal (Release Calendar),"Bilateral exchange rates, 2026-02 / Daily and monthly data",Records the nominal value of one US dollar relative to a given currency,https://data.bis.org/topics/XRU,2026-03-05T10:00:00,Monetary Policy,neutral,0.5,Dollar,,
BIS Data Portal (Release Calendar),"Central bank policy rates, 2026-02 / Daily and monthly data",Contains the long series on central bank policy rates,https://data.bis.org/topics/CBPOL,2026-03-05T10:00:00,Monetary Policy,neutral,0.5,,,
BIS Data Portal (Release Calendar),"Effective exchange rates, 2026-03-02 / Nominal daily data",Measures the value of a currency against a basket of other currencies,https://data.bis.org/topics/EER,2026-03-05T10:00:00,Monetary Policy,neutral,0.5,,,
BIS (All Categories),Christine Lagarde: Hearing of the Committee on Economic and Monetary Affairs of the European Parliament,"Speech by Ms Christine Lagarde, President of the European Central Bank, at the Hearing of the Committee on Economic and Monetary Affairs of the European Parliament, Brussels, 26 February 2026.",https://www.bis.org/review/r260303g.htm,2026-03-05T09:35:00,FX / Markets,neutral,0.5,,,
BIS (All Categories),"Hajime Takata: Economic activity, prices and monetary policy in Japan","Speech by Mr Hajime Takata, Member of the Policy Board of the Bank of Japan, at a meeting with local leaders, Kyoto, 26 February 2026.",https://www.bis.org/review/r260303c.htm,2026-03-05T09:20:00,Monetary Policy,neutral,0.5,Bank of Japan,,
BIS (All Categories),Burkhard Balz: European finance at the fault lines of transatlantic relations,"Keynote speech by Mr Burkhard Balz, Member of the Executive Board of the Deutsche Bundesbank, at the London Regional Chapter of the Atlantik-Brücke e.V., London, 25 February 2026.",https://www.bis.org/review/r260303b.htm,2026-03-05T09:18:00,FX / Markets,negative,0.9,,,
BIS (All Categories),"Henry F Saamoi: Welcome address &#8211; ""Joint Opening Ceremony of the 67th Ordinary Meeting of The Committee of Governors of Central Banks of ECOWAS Member States""","Welcome address by Mr Henry F Saamoi, Executive Governor of the Central Bank of Liberia, at the Joint Opening Ceremony of the Sixty Seventh Ordinary Meeting of the Committee of Governors of Central Banks of ECOWAS Member States (WAMA)/ Fifty Second Meeting of Committee of Governors of the West African Monetary Zone (WAMI)/ Fiftieth Board of Governors' Meeting of the West African Institute for Financial and Economic Management (WAIFEM), Monrovia, 12 February 2026.",https://www.bis.org/review/r260303e.htm,2026-03-05T09:00:00,Monetary Policy,negative,0.9,,,
BIS (All Categories),"Swaminathan J: Good finance, good leadership - on the road to Viksit Bharat@2047","Keynote address by Mr Swaminathan J, Deputy Governor of the Reserve Bank of India, at the Third International Finance and Accounting Conference (IFAC) at the Indian Institute of Management (IIM), Jammu, 27 February 2026.",https://www.bis.org/review/r260303i.htm,2026-03-05T08:00:00,Other,neutral,0.5,,,
RBA (Media Releases),Payments System Board Update: March 2026 Meeting,,https://www.rba.gov.au/media-releases/2026/mr-26-06.html,2026-03-05T03:30:00,Monetary Policy,neutral,0.5,,,
BIS (All Categories),Streamlining financial regulation while safeguarding stability and tackling new risks,"Speech by Mr Pablo Hernández de Cos, General Manager of the BIS, at the International Center for Monetary and Banking Studies, Geneva, 4 March 2026.",https://www.bis.org/speeches/sp260304.htm,2026-03-04T17:37:00,Other,negative,0.9,,,
ECB (Blog),Artificial Intelligence: friend or foe for hiring in Europe today?,,https://www.ecb.europa.eu//press/blog/date/2026/html/ecb.blog20260304~d9e34fc95f.en.html,2026-03-04T10:00:00,FX / Markets,neutral,0.5,,,
ECB (Market Operations),"20260020 (OT,liquidity providing):15.00 mn USD alloted (fixed 3.890000%, 100.000000% allotment at margin)",,http://www.ecb.europa.eu/mopo/implement/omo/html/20260020.en.html,2026-03-04T09:50:24,FX / Markets,neutral,0.5,USD,,
ECB (Market Operations),"20260019 (MRO,liquidity providing):9267.00 mn EUR alloted (fixed 2.150000%, 100.000000% allotment at margin)",,http://www.ecb.europa.eu/mopo/implement/omo/html/20260019.en.html,2026-03-04T09:50:24,FX / Markets,neutral,0.5,EUR,,
ECB (Market Operations),"20260018 (OT,liquidity providing):29.30 mn USD alloted (fixed 3.890000%, 100.000000% allotment at margin)",,http://www.ecb.europa.eu/mopo/implement/omo/html/20260018.en.html,2026-03-04T09:50:24,FX / Markets,neutral,0.5,USD,,
ECB (Market Operations),"20260017 (LTRO,liquidity providing):2647.50 mn EUR alloted ( 100.000000% allotment at margin)",,http://www.ecb.europa.eu/mopo/implement/omo/html/20260017.en.html,2026-03-04T09:50:24,FX / Markets,neutral,0.5,EUR,,
ECB (Market Operations),"20260016 (MRO,liquidity providing):12827.10 mn EUR alloted (fixed 2.150000%, 100.000000% allotment at margin)",,http://www.ecb.europa.eu/mopo/implement/omo/html/20260016.en.html,2026-03-04T09:50:24,FX / Markets,neutral,0.5,EUR,,
ECB (Market Operations),"20260015 (OT,liquidity providing):50.80 mn USD alloted (fixed 3.890000%, 100.000000% allotment at margin)",,http://www.ecb.europa.eu/mopo/implement/omo/html/20260015.en.html,2026-03-04T09:50:24,FX / Markets,neutral,0.5,USD,,
ECB (Market Operations),"20260014 (MRO,liquidity providing):12432.00 mn EUR alloted (fixed 2.150000%, 100.000000% allotment at margin)",,http://www.ecb.europa.eu/mopo/implement/omo/html/20260014.en.html,2026-03-04T09:50:24,FX / Markets,neutral,0.5,EUR,,
ECB (Market Operations),"20260013 (OT,liquidity providing):53.80 mn USD alloted (fixed 3.890000%, 100.000000% allotment at margin)",,http://www.ecb.europa.eu/mopo/implement/omo/html/20260013.en.html,2026-03-04T09:50:24,FX / Markets,neutral,0.5,USD,,
ECB (Market Operations),"20260012 (MRO,liquidity providing):8452.00 mn EUR alloted (fixed 2.150000%, 100.000000% allotment at margin)",,http://www.ecb.europa.eu/mopo/implement/omo/html/20260012.en.html,2026-03-04T09:50:24,FX / Markets,neutral,0.5,EUR,,
ECB (Market Operations),"20260011 (OT,liquidity providing):21.00 mn USD alloted (fixed 3.890000%, 100.000000% allotment at margin)",,http://www.ecb.europa.eu/mopo/implement/omo/html/20260011.en.html,2026-03-04T09:50:24,FX / Markets,neutral,0.5,USD,,
ECB (Market Operations),"20260010 (MRO,liquidity providing):9219.50 mn EUR alloted (fixed 2.150000%, 100.000000% allotment at margin)",,http://www.ecb.europa.eu/mopo/implement/omo/html/20260010.en.html,2026-03-04T09:50:24,FX / Markets,neutral,0.5,EUR,,
ECB (Market Operations),"20260009 (OT,liquidity providing):21.00 mn USD alloted (fixed 3.880000%, 100.000000% allotment at margin)",,http://www.ecb.europa.eu/mopo/implement/omo/html/20260009.en.html,2026-03-04T09:50:24,FX / Markets,neutral,0.5,USD,,
ECB (Market Operations),"20260008 (LTRO,liquidity providing):2502.00 mn EUR alloted ( 100.000000% allotment at margin)",,http://www.ecb.europa.eu/mopo/implement/omo/html/20260008.en.html,2026-03-04T09:50:24,FX / Markets,neutral,0.5,EUR,,
ECB (Market Operations),"20260007 (MRO,liquidity providing):12504.50 mn EUR alloted (fixed 2.150000%, 100.000000% allotment at margin)",,http://www.ecb.europa.eu/mopo/implement/omo/html/20260007.en.html,2026-03-04T09:50:24,FX / Markets,neutral,0.5,EUR,,
ECB (Market Operations),"20260006 (OT,liquidity providing):26.00 mn USD alloted (fixed 3.890000%, 100.000000% allotment at margin)",,http://www.ecb.europa.eu/mopo/implement/omo/html/20260006.en.html,2026-03-04T09:50:24,FX / Markets,neutral,0.5,USD,,
ECB (Market Operations),"20260005 (MRO,liquidity providing):10710.50 mn EUR alloted (fixed 2.150000%, 100.000000% allotment at margin)",,http://www.ecb.europa.eu/mopo/implement/omo/html/20260005.en.html,2026-03-04T09:50:24,FX / Markets,neutral,0.5,EUR,,
ECB (Market Operations),"20260004 (OT,liquidity providing):79.00 mn USD alloted (fixed 3.890000%, 100.000000% allotment at margin)",,http://www.ecb.europa.eu/mopo/implement/omo/html/20260004.en.html,2026-03-04T09:50:24,FX / Markets,neutral,0.5,USD,,
ECB (Market Operations),"20260003 (MRO,liquidity providing):10863.00 mn EUR alloted (fixed 2.150000%, 100.000000% allotment at margin)",,http://www.ecb.europa.eu/mopo/implement/omo/html/20260003.en.html,2026-03-04T09:50:24,FX / Markets,neutral,0.5,EUR,,
ECB (Market Operations),"20260001 (MRO,liquidity providing):10941.00 mn EUR alloted (fixed 2.150000%, 100.000000% allotment at margin)",,http://www.ecb.europa.eu/mopo/implement/omo/html/20260001.en.html,2026-03-04T09:50:24,FX / Markets,neutral,0.5,EUR,,
ECB (Market Operations),"20260002 (OT,liquidity providing):122.00 mn USD alloted (fixed 3.890000%, 100.000000% allotment at margin)",,http://www.ecb.europa.eu/mopo/implement/omo/html/20260002.en.html,2026-03-04T09:50:24,FX / Markets,neutral,0.5,USD,,
ECB (Market Operations),"20250113 (LTRO,liquidity providing):5711.00 mn EUR alloted ( 100.000000% allotment at margin)",,http://www.ecb.europa.eu/mopo/implement/omo/html/20250113.en.html,2026-03-04T09:50:24,FX / Markets,neutral,0.5,EUR,,
ECB (Market Operations),"20250112 (MRO,liquidity providing):24958.00 mn EUR alloted (fixed 2.150000%, 100.000000% allotment at margin)",,http://www.ecb.europa.eu/mopo/implement/omo/html/20250112.en.html,2026-03-04T09:50:24,FX / Markets,neutral,0.5,EUR,,
ECB (Market Operations),"20250111 (OT,liquidity providing):480.50 mn USD alloted (fixed 3.900000%, 100.000000% allotment at margin)",,http://www.ecb.europa.eu/mopo/implement/omo/html/20250111.en.html,2026-03-04T09:50:24,FX / Markets,neutral,0.5,USD,,
ECB (Market Operations),"20250110 (MRO,liquidity providing):14158.50 mn EUR alloted (fixed 2.150000%, 100.000000% allotment at margin)",,http://www.ecb.europa.eu/mopo/implement/omo/html/20250110.en.html,2026-03-04T09:50:24,FX / Markets,neutral,0.5,EUR,,
ECB (Market Operations),"20250109 (OT,liquidity providing):26.00 mn USD alloted (fixed 3.910000%, 100.000000% allotment at margin)",,http://www.ecb.europa.eu/mopo/implement/omo/html/20250109.en.html,2026-03-04T09:50:24,FX / Markets,neutral,0.5,USD,,
ECB (Market Operations),"20250108 (MRO,liquidity providing):7983.50 mn EUR alloted (fixed 2.150000%, 100.000000% allotment at margin)",,http://www.ecb.europa.eu/mopo/implement/omo/html/20250108.en.html,2026-03-04T09:50:24,FX / Markets,neutral,0.5,EUR,,
ECB (Market Operations),"Announcing 20100084 (,), for days deadline",,http://www.ecb.europa.eu/mopo/implement/omo/html/20100084.en.html,2026-03-04T09:50:24,Other,neutral,0.5,,,
ECB (Statistical Press Releases),Euro area bank interest rate statistics: January 2026,,https://www.ecb.europa.eu//press/stats/mfi/html/ecb.mir2603~a68d3c121b.en.html,2026-03-04T09:00:00,Monetary Policy,neutral,0.5,Euro,,
Federal Reserve (Press),Federal Reserve Board issues enforcement actions with former employee of East Cambridge Savings Bank and former employee of United Bank,Federal Reserve Board issues enforcement actions with former employee of East Cambridge Savings Bank and former employee of United Bank,https://www.federalreserve.gov/newsevents/pressreleases/enforcement20260303a.htm,2026-03-03T16:00:00,Other,neutral,0.5,Federal Reserve,,
BIS (All Categories),From cash to crypto: towards a consistent regulatory approach to illicit payments,"The rapid evolution of cryptoassets, including stablecoins, and retail central bank digital currency (CBDC) has led to changes in regulatory frameworks to incorporate them. The expansion of options beyond bank deposits and cash calls for a holistic analysis of the effectiveness of anti-money laundering (AML) and combating the financing of terrorism (CFT) regimes across different payment instruments.",https://www.bis.org/publ/bppdf/bispap166.htm,2026-03-03T14:27:00,Monetary Policy,positive,0.9,,"Growth Beat, Risk-Off Shock",
Federal Reserve (Speeches),"Bowman, Liquidity Resiliency, Financial Stability, and the Role of the Federal Reserve","Speech At The Roundtable on Liquidity and Lender of Last Resort sponsored by the Committee on Capital Markets Regulation, Washington, D.C.",https://www.federalreserve.gov/newsevents/speech/bowman20260303a.htm,2026-03-03T13:30:00,Other,neutral,0.5,Federal Reserve,,
ECB (Publications),Stablecoins and monetary policy transmission,"This paper studies the effects of stablecoin adoption—crypto-assets designed to maintain a stable value relative to a reference asset—on bank intermediation and the transmission of monetary policy. Using evidence from the rapid expansion of stablecoins combined with confidential granular data on euro area banks and their individual borrowers, we document three main findings. First, stablecoin adoption induces a deposit-substitution mechanism, whereby funds shift from retail bank deposits to digital assets. This reallocation increases banks’ reliance on wholesale funding and can ultimately constrain their intermediation capacity. Second, we show that stablecoins alter the passthrough of policy rates to bank funding costs and lending conditions and potentially weaken the predictability of policy actions. These effects are nonlinear and depend critically on the scale of stablecoin adoption, their design features, and their regulatory treatment. Third, we document a potential risk associated with the growing prevalence of foreign-currency-denominated stablecoins. Their diffusion is likely to increase banks’ reliance on foreign-currency wholesale funding. We show that banks with greater exposure to this source of funding exhibit a weaker loan-supply response to domestic monetary policy shocks, indicating a weakening of monetary policy transmission and a potential erosion of monetary sovereignty.",https://www.ecb.europa.eu//pub/pdf/scpwps/ecb.wp3199~ad552b59ec.en.pdf,2026-03-03T11:30:00,Monetary Policy,negative,0.9,Euro,Growth Beat,
BIS (All Categories),Christopher J Waller: Operationalizing AI at the Federal Reserve,"Speech (via webcast) by Mr Christopher J Waller, Member of the Board of Governors of the Federal Reserve System, at the Federal Reserve Bank of Boston 2026 Technology-Enabled Disruption Conference ""Shaping the future of finance and payments"", Boston, Massachusetts, 24 February 2026.",https://www.bis.org/review/r260302c.htm,2026-03-03T11:00:00,Other,neutral,0.5,Federal Reserve,,
BIS (All Categories),P Nandalal Weerasinghe: Central Bank of Sri Lanka's policy agenda for 2026 and beyond,"Speech by Dr P Nandalal Weerasinghe, Governor of the Central Bank of Sri Lanka, Colombo, 8 January 2026.",https://www.bis.org/review/r260302g.htm,2026-03-03T10:23:00,Monetary Policy,neutral,0.5,,,
BIS (All Categories),Pål Longva: Report from Norges Bank Watch,"Remarks by Mr Pål Longva, Deputy Governor of Norges Bank (Central Bank of Norway), on the Centre for Monetary Economics' (CME) assessment of the Norges Bank's conduct of monetary policy, published in its Norges Bank Watch Report Series, Oslo, 26 February 2026.",https://www.bis.org/review/r260302e.htm,2026-03-03T10:17:00,Monetary Policy,neutral,0.5,,,
BIS (All Categories),Poonam Gupta: Perspectives on India's growth - last four decades to the present,"Speech by Dr Poonam Gupta, Deputy Governor of the Reserve Bank of India, at the 14th Foundation Day Lecture of the Centre for Development Studies (CDS), at the CDS, Thiruvananthapuram, 20 February 2026.",https://www.bis.org/review/r260302d.htm,2026-03-03T10:12:00,Growth,neutral,0.5,,,
BIS (All Categories),"Michael Atingi-Ego: Opening remarks &#8211; ""Uganda Bankers Association (UBA) &#8211; Development Partners and Development Finance Institutions (DFIs) Dialogue""","Opening remarks by Mr Michael Atingi-Ego, Governor of the Bank of Uganda, at the Uganda Bankers Association (UBA) &#8211; Development Partners and Development Finance Institutions (DFIs) Dialogue, Lweeza, 6 February 2026.",https://www.bis.org/review/r260302i.htm,2026-03-03T10:05:00,Other,neutral,0.5,,,
BIS (All Categories),Ebson Uanguta: Environmental stewardship and gender mainstreaming for state resilience to shocks and disasters,"Remarks by Mr Eebson Uanguta, Governor of the Bank of Namibia, at the ""Environmental stewardship and gender mainstreaming for state resilience to shocks and disasters"" workshop, Windhoek, 26 January 2026.",https://www.bis.org/review/r260302a.htm,2026-03-03T10:04:00,Risk / Geopolitics,neutral,0.5,,Risk-Off Shock,
BIS (All Categories),Jorgovanka Tabakovi&#263;: Overview of recent monetary and macroeconomic trends in Serbia,"Introductory speech by Dr Jorgovanka Tabakovi&#263;, Governor of the National Bank of Serbia, at the presentation of the February Inflation Report, Belgrade, 19 February 2026.",https://www.bis.org/review/r260302h.htm,2026-03-03T09:39:00,Inflation,neutral,0.5,,,
BoE (News),Statistical Notice 2026/02 - BEEDS user acceptance testing (UAT) environment – Statistical taxonomy v1.3.1 FINAL,Statistical Notices update the definitions and guidance contained in the Banking Statistics Yellow Folder,https://www.bankofengland.co.uk/statistics/notice/2026/statistical-notice-2026-02,2026-03-03T09:15:50,Other,neutral,0.5,,,
BIS (All Categories),Piero Cipollone: The digital euro - enhancing payments in the euro area,"Speech by Mr Piero Cipollone, Member of the Executive Board of the European Central Bank, at the Italian Parliamentary Committee of Inquiry into the Banking, Financial and Insurance System, Rome, 19 February 2026.",https://www.bis.org/review/r260302b.htm,2026-03-03T09:02:00,FX / Markets,negative,0.9,Euro,,
BIS (All Categories),Christine Lagarde: Turning size into scale - Europe's new growth model,"Acceptance speech by Ms Christine Lagarde, President of the European Central Bank, for the 2026 Paul A Volcker Lifetime Achievement Award at the 42nd Annual NABE Economic Policy Conference, Washington DC, 23 February 2026.",https://www.bis.org/review/r260226a.htm,2026-03-03T09:00:00,FX / Markets,neutral,0.5,,Risk-Off Shock,
BIS (All Categories),Christine Lagarde: The order that took centuries to build,"Acceptance speech by Ms Christine Lagarde, President of the European Central Bank, for the Wolfgang Friedmann Memorial Award 2026 at Columbia Law School in New York, New York City, 20 February 2026.",https://www.bis.org/review/r260225e.htm,2026-03-03T08:23:00,FX / Markets,neutral,0.5,,Risk-Off Shock,
BIS (All Categories),Swaminathan J: Issues and challenges in banking supervision in the digital era,"Speech by Mr Swaminathan J, Deputy Governor of the Reserve Bank of India, at the Third Annual Global Conference of the College of Supervisors, ""Adapting the regulation and supervision to the digital age"", Mumbai, 9 January 2026.",https://www.bis.org/review/r260218a.htm,2026-03-03T08:00:00,Other,neutral,0.5,,,
ECB (Press & Speeches),Philip R. Lane: Interview with Financial Times,,https://www.ecb.europa.eu//press/inter/date/2026/html/ecb.in260303~768fa10188.en.html,2026-03-03T05:00:00,Other,neutral,0.5,,,
BIS (All Categories),6th WE_ARE_IN Macroeconomics and Finance Conference: call for papers,"Call for Papers: Conference organised by the CEPR, the BIS and the ECB, Rome, Italy, 22-23 October 2026. Submission deadline 31st March 2026.",https://www.bis.org/events/261022_we_are_in_prog.htm,2026-03-02T16:23:00,Other,negative,0.9,ECB,,
ECB (Publications),ECB report on gender diversity in the period 2013-25,,https://www.ecb.europa.eu//pub/pdf/other/ecb.genderdiversity20260302.en.pdf,2026-03-02T16:00:00,Other,neutral,0.5,ECB,,
BIS (All Categories),Post-GFC rewiring of the global financial system,"Keynote speech by Mr Hyun Song Shin, Economic Adviser and Head of the Monetary and Economic Department of the BIS, at the 15th Annual Julis Rabinowitz Public Policy and Finance (JRCPPF) Conference, Princeton, 20 February 2026.",https://www.bis.org/speeches/sp260220.htm,2026-03-02T15:50:00,Monetary Policy,neutral,0.5,,,
ECB (Press & Speeches),President Lagarde launches EuroSteps Walking Challenge at event promoting women’s financial literacy,,https://www.ecb.europa.eu//press/pr/date/2026/html/ecb.pr260302~9a52d535d2.en.html,2026-03-02T15:30:00,FX / Markets,neutral,0.5,,,
BIS (All Categories),Fabio Panetta: Trade and finance in a fragmented world,"Speech by Mr Fabio Panetta, Governor of the Bank of Italy, at the 32nd ASSIOM FOREX Congress, Venice, 21 February 2026.",https://www.bis.org/review/r260225a.htm,2026-03-02T07:20:00,Other,neutral,0.5,,,
BIS (Central Bank Speeches),Christopher J Waller: Labor market data - signal or noise?,"Speech by Mr Christopher J Waller, Member of the Board of Governors of the Federal Reserve System, at the 42nd Annual NABE (National Association for Business Economics) Economic Policy Conference ""The great realignment: navigating AI, demographic and geoeconomic change"", Washington DC, 23 February 2026.",https://www.bis.org/review/r260225b.htm,2026-03-02T07:20:00,Monetary Policy,neutral,0.5,Federal Reserve,,
BIS (Central Bank Speeches),"Michelle W Bowman: Opening remarks - ""The next horizon in banking""","Opening remarks (via pre-recorded video) by Ms Michelle W Bowman, Vice Chair for Supervision of the Board of Governors of the Federal Reserve System, at the Federal Reserve Bank of Atlanta 2026 Banking Outlook Conference ""The next horizon in banking"", Atlanta, Georgia, 19 February 2026.",https://www.bis.org/review/r260224c.htm,2026-03-02T07:16:00,Other,neutral,0.5,Federal Reserve,,
BIS (Central Bank Speeches),"Michelle W Bowman: Revitalizing bank mortgage lending, one step with Basel","Speech by Ms Michelle W Bowman, Vice Chair for Supervision of the Board of Governors of the Federal Reserve System, at The American Bankers Association 2026 Conference for Community Bankers, Orlando, Florida, 16 February 2026.",https://www.bis.org/review/r260224b.htm,2026-03-02T07:15:00,Other,neutral,0.5,Federal Reserve,,
BIS (Central Bank Speeches),"Gabriel Makhlouf: Institutions, anchors, and their discontents - the role of central banks","Speech by Mr Gabriel Makhlouf, Governor of the Central Bank of Ireland, to Blavatnik School of Government, Oxford, 18 February 2026.",https://www.bis.org/review/r260225c.htm,2026-03-02T07:13:00,Other,neutral,0.5,,,
BIS (Central Bank Speeches),Abdul Rasheed Ghaffour: The future of international monetary system and the role of Asia,"Opening remarks by Mr Abdul Rasheed Ghaffour, Governor of the Central Bank of Malaysia (Bank Negara Malaysia), at the SEACEN Policy Summit, Kuala Lumpur, 5 February 2026.",https://www.bis.org/review/r260223d.htm,2026-03-02T07:10:00,Monetary Policy,neutral,0.5,,,
ECB (Press & Speeches),Decisions taken by the Governing Council of the ECB (in addition to decisions setting interest rates),,https://www.ecb.europa.eu//press/govcdec/otherdec/2026/html/ecb.gc260227~a3ad2bb150.en.html,2026-02-27T14:00:00,Monetary Policy,neutral,0.5,ECB,,
BoE (News),Braddick to take the helm at the UK’s banking watchdog,"Katharine Braddick CB appointed as the next Deputy Governor for Prudential Regulation at the Bank of England and Chief Executive of the Prudential Regulation Authority, succeeding Sam Woods when his term ends in June 2026.",https://www.bankofengland.co.uk/news/2026/february/braddick-to-take-the-helm-at-the-uks-banking-watchdog,2026-02-27T13:08:26,Monetary Policy,negative,0.9,Bank of England,,
ECB (Blog),Learning from misses: what forecast errors reveal about the nature of shocks,,https://www.ecb.europa.eu//press/blog/date/2026/html/ecb.blog0227~6b22122610.en.html,2026-02-27T11:00:00,Other,negative,0.9,,,
ECB (Publications),Can satellites predict oil demand?,"We investigate whether satellite observations of nitrogen dioxide (NO₂) – a short-lived pollutant primarily emitted by fossil fuel combustion – can improve the forecasting of oil demand. After retrieving, cleaning, and aggregating daily satellite data, we integrate NO₂ into a range of forecasting models. Across a panel of advanced and emerging economies, we find that including NO₂ significantly enhances nowcasting accuracy relative to benchmark models based on autoregressive terms and traditional predictors such as industrial activity, prices, weather, and vehicle registrations. Accuracy gains are particularly strong during crisis episodes but remain present in more stable times. Non-linear models, especially neural networks, yield the largest improvements, highlighting the non-linear link between energy demand and pollution. By offering a timely, globally consistent, and freely available proxy, satellite-based NO₂ data provide a valuable new tool for real-time monitoring of oil dema",https://www.ecb.europa.eu//pub/pdf/scpwps/ecb.wp3198~e3858c52a3.en.pdf,2026-02-27T10:00:00,Monetary Policy,positive,0.9,,,
ECB (Publications),The great redistribution that wasn’t: a HANK-OLG perspective on monetary policy,"We study the distributional consequences of the recent inflationary surge and the subsequent monetary policy response in the euro area. Using an estimated two-asset Heterogeneous Agent New Keynesian model with an overlapping generations structure, we analyze the macroeconomic shocks driving inflation between 2021 and 2022. We find that these shocks generated substantial redistribution from young and poor households toward older and wealthier ones. By keeping interest rates unchanged until mid-2022, monetary policy largely offset these distributional effects. A policy response based solely on a standard Taylor rule would have failed to mitigate the redistribution.",https://www.ecb.europa.eu//pub/pdf/scpwps/ecb.wp3197~9bf75f57cc.en.pdf,2026-02-27T10:00:00,Monetary Policy,positive,0.9,Euro,Risk-Off Shock,
ECB (Press & Speeches),ECB Consumer Expectations Survey results – January 2026,,https://www.ecb.europa.eu//press/pr/date/2026/html/ecb.pr260227_1~e721468c3a.en.html,2026-02-27T09:00:00,Other,neutral,0.5,ECB,,
ECB (Press & Speeches),Number of counterfeit euro banknotes remains low in 2025,,https://www.ecb.europa.eu//press/pr/date/2026/html/ecb.pr260227~66abdc6895.en.html,2026-02-27T09:00:00,FX / Markets,neutral,0.5,Euro,,
BoE (News),Court minutes from 2023 that were previously redacted,"The Bank's Court of Directors acts as a unitary board, setting the organisation's strategy and budget and taking key decisions on resourcing and appointments. Required to meet a minimum seven times per year, it has five executive members from the Bank and up to nine non-executive members.",https://www.bankofengland.co.uk/minutes/2023/february/court-redactions-from-2023,2026-02-26T14:00:00,Monetary Policy,negative,0.9,,,
BoE (News),Minutes of the Meeting of the Court of Directors held on 9 December 2025,"The Bank's Court of Directors acts as a unitary board, setting the organisation's strategy and budget and taking key decisions on resourcing and appointments. Required to meet a minimum seven times per year, it has five executive members from the Bank and up to nine non-executive members.",https://www.bankofengland.co.uk/minutes/2026/february/court-minutes-9-december-2025,2026-02-26T14:00:00,Monetary Policy,negative,0.9,,,
ECB (Press & Speeches),Financial statements of the ECB for 2025,,https://www.ecb.europa.eu//press/pr/date/2026/html/ecb.pr260226~15dbe4febc.en.html,2026-02-26T11:00:00,Monetary Policy,neutral,0.5,ECB,,
ECB (Publications),Consolidated balance sheet of the Eurosystem as at 31 December 2025,,https://www.ecb.europa.eu//press/annual-reports-financial-statements/annual/balance/html/ecb.eurosystembalancesheet2025~31f7e11ddc.en.html,2026-02-26T11:00:00,FX / Markets,neutral,0.5,,,
ECB (Publications),Annual Accounts 2025,,https://www.ecb.europa.eu//press/annual-reports-financial-statements/annual/annual-accounts/html/ecb.annualaccounts2025~ba3b593c99.en.html,2026-02-26T11:00:00,Other,neutral,0.5,,,
BIS (Press Releases),Basel Committee issues a consolidated version of its guidelines,The Basel Committee has published a consultation on a consolidated version of its guidelines and sound practices. The consolidated version aims to improve accessibility and substantially streamline guidance materials. Comments on the consultation are requested by 26 June 2026.,https://www.bis.org/press/p260226.htm,2026-02-26T10:20:00,Other,positive,0.9,,,
ECB (Publications),Bond funds’ risk taking and monetary policy,"Using granular security-level data from bond funds domiciled in the US and the euro area, we identify a market-based risk-taking channel of monetary policy transmission via the credit-risk and the maturity structure of bond funds’ portfolios. We measure credit risk at the fund level as the weighted average credit rating of the fund’s bond holdings. We find that accommodative monetary policies by the Fed and the ECB are associated with increased risk in bond funds’ portfolios. Interestingly, risk-taking is more pronounced for funds with longer-term holdings relative to short-term ones and unconventional monetary policy exerts stronger market-based risk-taking effects than interest rate policy. Finally, we find that Fed’s monetary policy has a stronger impact on funds’ risk-taking behaviour than the ECB’s, highlighting the dominant role of US monetary policy in global financial markets.",https://www.ecb.europa.eu//pub/pdf/scpwps/ecb.wp3196~d1ad5a2aab.en.pdf,2026-02-26T10:00:00,Monetary Policy,negative,0.833,"ECB, Euro",,
BIS Data Portal (Release Calendar),"Central bank total assets, 2025-12 / Release",Tracks the evolution of the size of central banks' balance sheets across the world,https://data.bis.org/topics/CBTA,2026-02-26T10:00:00,Other,neutral,0.5,,,
BIS Data Portal (Release Calendar),"Consumer prices, 2026-01 / Release",Measures the price change of goods and services consumed by households,https://data.bis.org/topics/CPI,2026-02-26T10:00:00,Inflation,neutral,0.5,,,
BIS Data Portal (Release Calendar),"Effective exchange rates, 2026-02-23 / Nominal daily data",Measures the value of a currency against a basket of other currencies,https://data.bis.org/topics/EER,2026-02-26T10:00:00,Monetary Policy,neutral,0.5,,,
ECB (Statistical Press Releases),Monetary developments in the euro area: January 2026,,https://www.ecb.europa.eu//press/stats/md/html/ecb.md2601~d2cecf4f49.en.html,2026-02-26T09:00:00,FX / Markets,neutral,0.5,Euro,,
ECB (Press & Speeches),Christine Lagarde: Hearing of the Committee on Economic and Monetary Affairs of the European Parliament,,https://www.ecb.europa.eu//press/key/date/2026/html/ecb.sp260226~87d6c12449.en.html,2026-02-26T08:30:00,FX / Markets,neutral,0.5,,,
RBA (Bulletin),On the Road to Better Cross-border Payments: How is Australia Travelling?,"Cross-border payments are generally more expensive, more opaque and slower than domestic payments. However, there are initiatives underway in Australia and internationally to address these challenges. The G20 Roadmap for Enhancing Cross-border Payments outlines an ambitious set of quantitative targets for improving cross-border payments, underpinned by priority actions to drive progress. In Australia, progress towards the targets has been gradual but significant milestones have been achieved on several priority actions, including enhancing transparency for users, upgrading payments messaging and leveraging Australia's fast payment system to speed up inbound cross-border payments. Despite these important steps, there remains work to be done by the payments industry to drive further progress on the road to better cross-border payments.",https://www.rba.gov.au/publications/bulletin/2026/feb/on-the-road-to-better-cross-border-payments-how-is-australia-travelling.html,2026-02-26T00:30:00,Risk / Geopolitics,negative,0.9,,Risk-Off Shock,
RBA (Bulletin),Recent Changes in Credit Markets and Their Implications for Monetary Policy,"Changes in credit markets since the pandemic have had an important influence on monetary policy transmission. Lower bank funding costs relative to the cash rate, narrower lending rate spreads, and increased business credit supply have made financial conditions less restrictive than they otherwise would have been for a given level of the cash rate, supporting stronger credit growth. While some drivers of these developments are cyclical, others appear to reflect more persistent structural changes. These developments may have contributed to an increase in the neutral interest rate since the pandemic, although global developments also appear to be playing an important role.",https://www.rba.gov.au/publications/bulletin/2026/feb/recent-changes-in-credit-markets-and-their-implications-for-monetary-policy.html,2026-02-26T00:30:00,Monetary Policy,neutral,0.5,,,
RBA (Bulletin),Developments in Foreign Exchange and Over-the-counter Derivatives Markets,"This article discusses recent developments in foreign exchange (FX) and over-the-counter (OTC) derivatives markets, as well as key results from the 2025 Triennial Central Bank Survey. Activity in FX markets increased significantly in April 2025, both globally and in Australia. The increase was largely driven by an increase in hedging activity and speculative trading during a period of heightened market volatility. Globally, the Australian dollar was the seventh most traded currency, down from sixth in the previous survey. Global turnover of OTC interest rate derivatives increased in the three years to April 2025, led by strong growth in overnight index swaps. Turnover in the Australian OTC interest rate derivatives market rose to become the fifth highest in the world. The size of global OTC derivatives markets also increased.",https://www.rba.gov.au/publications/bulletin/2026/feb/developments-in-foreign-exchange-and-over-the-counter-derivatives-markets.html,2026-02-26T00:30:00,FX / Markets,positive,0.9,Dollar,Growth Beat,
BIS (Research Hub),Supply Constraints and Inflation Dynamics,"Bank of Japan Working Papers by Ko Adachi, Yoshiyuki Kurachi, Masato Okamoto, Tomohiro Sugo and Akitoshi Toyoda",https://www.boj.or.jp/en/research/wps_rev/wps_2026/data/wp26e03.pdf,2026-02-26T00:00:00,Inflation,neutral,0.5,Bank of Japan,,
Federal Reserve (Speeches & Testimony),"Bowman, Supervision and Regulation","Testimony Before the Committee on Banking, Housing, and Urban Affairs, U.S. Senate, Washington, D.C.",https://www.federalreserve.gov/newsevents/testimony/bowman20260226a.htm,2026-02-25T23:00:00,Other,neutral,0.5,,,
ECB (Press & Speeches),ECB adopts opinion on appointment of its future Vice-President,,https://www.ecb.europa.eu//press/pr/date/2026/html/ecb.pr260225~44db0697e5.en.html,2026-02-25T16:00:00,Other,neutral,0.5,ECB,,
BIS (Press Releases),Basel Committee discusses recent market developments and targeted review of cryptoasset standard,Discusses vulnerabilities in government bond-backed repo markets. Discusses progress of a targeted review of the prudential standard for banks' cryptoasset exposures. Announces date and location of the International Conference of Banking Supervisors.,https://www.bis.org/press/p260225.htm,2026-02-25T16:00:00,Other,neutral,0.5,,,
ECB (Blog),"How tariffs threaten business dynamism, productivity and growth",,https://www.ecb.europa.eu//press/blog/date/2026/html/ecb.blog20260225~f0dae9781d.en.html,2026-02-25T10:00:00,Growth,neutral,0.5,,,
ECB (Publications),Stabilizing credit when nonperforming loans surge: the role of asset management companies,"When default losses elevate borrowing costs, expanding credit cannot stabilize the economy because default rates feedback to lending rates through bank balance sheets. Asset management companies (AMCs) break this loop by purchasing nonperforming loans at their long-run recovery values, thereby fixing the effective default rate that banks face. Government purchases of performing loans expand credit but leave this feedback intact. In a model calibrated to the eurozone, the AMC reduces quarterly default rates by 0.8 percentage points, lowers lending rates by 1.6 percentage points, and raises welfare by 0.2%. Government purchases crowd out bank deposits, contracting credit; default rates rise by 1.8 percentage points, lending rates increase by 1.2 percentage points, and welfare falls by 0.3%.",https://www.ecb.europa.eu//pub/pdf/scpwps/ecb.wp3195~4c8f3c8786.en.pdf,2026-02-25T10:00:00,Monetary Policy,positive,0.9,,,
ECB (Publications),Homeowners insurance and the transmission of monetary policy,"We document a novel transmission channel of monetary policy through the homeowners insurance market. On average, contractionary monetary policy shocks result in higher homeowners insurance prices. Using granular data on insurers’ balance sheets, we show that this effect is driven by the interaction of financial frictions and the interest rate sensitivity of investment portfolios. Specifically, rate hikes reduce the market value of insurers’ assets, tightening insurers’ balance sheet constraints and increasing their shadow cost of capital. These frictions in insurance supply amplify the effects of monetary policy on real estate and mortgage markets by making housing less affordable. We find that monetary policy shocks have a stronger impact on home prices and mortgage applications when local insurers are more sensitive to interest rates. This channel is particularly pronounced in areas where households face high climate risk exposure. Our findings highlight the role of insurance markets in amplifying macroeconomic shocks and the interconnections between homeowners insurance, residential real estate, and mortgage lending.",https://www.ecb.europa.eu//pub/pdf/scpwps/ecb.wp3194~a082645667.en.pdf,2026-02-25T10:00:00,Monetary Policy,neutral,0.5,,Rate Hike,
BIS (Research Hub),Demand-Based Asset Pricing in General Equilibrium,Federal Reserve Bank of Philadelphia Working Papers by Joseph Abadi,https://www.philadelphiafed.org/-/media/FRBP/Assets/working-papers/2026/wp26-12.pdf,2026-02-25T00:00:00,Other,neutral,0.5,Federal Reserve,,
Federal Reserve (Press),"Minutes of the Board's discount rate meetings on January 20 and 28, 2026","Minutes of the Board's discount rate meetings on January 20 and 28, 2026",https://www.federalreserve.gov/newsevents/pressreleases/monetary20260224a.htm,2026-02-24T19:00:00,Monetary Policy,neutral,0.5,,,
Federal Reserve (Press),Federal Reserve Board issues enforcement action with former employee of First Financial Bank,Federal Reserve Board issues enforcement action with former employee of First Financial Bank,https://www.federalreserve.gov/newsevents/pressreleases/enforcement20260224a.htm,2026-02-24T16:00:00,Other,neutral,0.5,Federal Reserve,,
Federal Reserve (Speeches),"Cook, Opening Remarks for the “AI and Productivity across the Economy” Panel","Speech At “The Great Realignment: Navigating AI, Demographic, and Geoeconomic Shifts,” 42nd Annual NABE Economic Policy Conference, Washington, D.C.",https://www.federalreserve.gov/newsevents/speech/cook20260224a.htm,2026-02-24T14:30:00,Monetary Policy,neutral,0.5,,,
Federal Reserve (Speeches),"Waller, Operationalizing AI at the Federal Reserve","Speech At the Federal Reserve Bank of Boston 2026 Technology-Enabled Disruption Conference: Shaping the Future of Finance and Payments, Boston, Massachusetts (via webcast)",https://www.federalreserve.gov/newsevents/speech/waller20260224a.htm,2026-02-24T14:15:00,Other,neutral,0.5,Federal Reserve,,
ECB (Publications),"Looser, tighter, clearer: a new Financial Conditions Index for the euro area","Financial Conditions Indices (FCIs) are a widely used tool for assessing the broader monetary policy stance beyond the central bank’s direct control. This paper presents a novel vector autoregressive (VAR) model that includes key macroeconomic variables and maps financial variables into a single index, named Macro-Finance FCI. The VAR coefficients and the FCI weights are estimated jointly in one step, ensuring a model-consistent microfinance feedback. The model-implied long-run mean of the index provides a neutral benchmark to which financial conditions converge when inflation is at target and output is at potential. For the euro area, the proposed FCI incorporates nine asset prices – including risk-free rates, sovereign spreads, risk assets, and the exchange rate – and assigns a dominant role to nominal interest rates. It outperforms existing indices in out-of-sample forecasts of inflation and output. A structural identification of supply, demand, and financial shocks indicates that financial conditions require up to one year to transmit to the real economy and almost up to two years to inflation.",https://www.ecb.europa.eu//pub/pdf/scpwps/ecb.wp3193~9db57822d4.en.pdf,2026-02-24T10:00:00,Monetary Policy,negative,0.9,Euro,,
ECB (Publications),Macroeconomic effects of carbon-intensive energy price changes: a model comparison,"This paper presents a novel model comparison to examine the challenges posed by changes in carbon-intensive energy prices for monetary policy. The employed environmental monetary models have a detailed multi-sector structure. The comparison assesses the effects of both a temporary and a permanent energy price increase with a particular focus on the euro area and the United States. Temporary and permanent price shocks are both inflationary. However, the inflationary impact of the permanent shock depends on the underlying model assumptions and monetary policy response. The analysis also establishes that these models share large commonalities in their quantitative and qualitative results, while also pointing out cross-country differences.",https://www.ecb.europa.eu//pub/pdf/scpwps/ecb.wp3192~61ab58ee98.en.pdf,2026-02-24T10:00:00,Inflation,neutral,0.5,Euro,,
Federal Reserve (Press),"Following earlier actions to remove reputation risk from its supervision of banks, Federal Reserve Board requests comment on proposal to codify that removal","Following earlier actions to remove reputation risk from its supervision of banks, Federal Reserve Board requests comment on proposal to codify that removal",https://www.federalreserve.gov/newsevents/pressreleases/bcreg20260223a.htm,2026-02-23T22:00:00,Other,negative,0.9,Federal Reserve,,
ECB (Press & Speeches),Christine Lagarde: Turning size into scale: Europe’s new growth model,,https://www.ecb.europa.eu//press/key/date/2026/html/ecb.sp260223~4c2aa74452.en.html,2026-02-23T17:30:00,FX / Markets,neutral,0.5,,,
Federal Reserve (Speeches),"Waller, Labor Market Data: Signal or Noise?","Speech At The Great Realignment: Navigating AI, Demographic and Geoeconomic Change, 42nd Annual NABE Economic Policy Conference, The National Association for Business Economics, Washington, D.C.",https://www.federalreserve.gov/newsevents/speech/waller20260223a.htm,2026-02-23T13:00:00,Monetary Policy,neutral,0.5,,,
ECB (Publications),A least-squares filter for sequence-space models,"Sequence-space models are becoming increasingly popular in macroeconomics, especially in the heterogeneous-agent literature. However, the econometric toolkit for users of these models remains less developed than that available for traditional state-space methods. This note introduces an algorithm for efficiently filtering unobserved shocks in linear sequence-space models. The proposed filter solves a least-squares optimization problem in closed form and returns the expectation of unobserved shocks conditional on observed data. It handles heteroskedasticity, missing observations, measurement error, and non- Gaussian shock distributions. To illustrate its properties, I apply it to data simulated from a medium-scale heterogeneous-agent New Keynesian model and show that it accurately recovers the underlying structural shocks.",https://www.ecb.europa.eu//pub/pdf/scpwps/ecb.wp3191~8bac225c62.en.pdf,2026-02-23T10:00:00,Monetary Policy,negative,0.9,,,
ECB (Publications),How do macroprudential measures affect mortgage lending standards? Evidence from the ECB’s Bank Lending Survey,"Using information from the ECB’s Bank Lending Survey, we examine how the implementation of borrower-based macroprudential measures (BBMs) between 2009-Q1 and 2023-Q3 affected mortgage lending standards in a sample of 15 euro area countries. We find that banks generally tightened credit standards around the implementation of BBMs, with the strongest effect occurring contemporaneously. Such tightening of credit standards is observed for different types of BBMs, including limits on loan-to-value or debt-service-to-income ratios and maturities. We also find mild evidence that legally binding measures imply a stronger tightening of credit standards than measures in the form of non-binding recommendations. Finally, this tightening is more pronounced in cases where mortgage loan growth or real estate price growth is high, consistent with BBMs effectively smoothing the credit cycle.",https://www.ecb.europa.eu//pub/pdf/scpwps/ecb.wp3190~34cbd6737c.en.pdf,2026-02-23T10:00:00,FX / Markets,positive,0.9,"ECB, Euro",,
ECB (Research Bulletin),What regional data tell us about the euro area Phillips curve,"Using regional data for 11 euro area countries from 1999 to 2023, instead of country-level data, we find that inflation still responds to economic slack, but this relationship is more modest and largely shaped by inflation expectations. This implies that traditional demand-side central bank policies may have limited direct effects on inflation, highlighting that anchoring expectations is essential for effective monetary policy transmission.",https://www.ecb.europa.eu//press/research-publications/resbull/2026/html/ecb.rb260223~3e8fa44e9f.en.html,2026-02-23T07:00:00,FX / Markets,negative,0.9,Euro,,
BIS (Research Hub),Strong Spatial Spillovers Determine Neighborhood Shape and Neighborhood Change,Federal Reserve Bank of Philadelphia Working Papers by Dionissi Aliprantis and Jeffrey Lin,https://www.philadelphiafed.org/-/media/FRBP/Assets/working-papers/2026/wp26-11.pdf,2026-02-23T00:00:00,Other,positive,0.9,Federal Reserve,,
BIS (Research Hub),Artificial Intelligence and Technological Unemployment,Federal Reserve Bank of Richmond Working Papers by Ping Wang and Russell Wong,https://www.richmondfed.org/-/media/RichmondFedOrg/publications/research/working_papers/2026/wp26-01.pdf,2026-02-23T00:00:00,Labor Market,neutral,0.5,Federal Reserve,,
ECB (Press & Speeches),Christine Lagarde: Interview with Wall Street Journal,,https://www.ecb.europa.eu//press/inter/date/2026/html/ecb.in260221~a2c547fb40.en.html,2026-02-21T15:45:00,Other,neutral,0.5,,,
ECB (Press & Speeches),Christine Lagarde: The order that took centuries to build,,https://www.ecb.europa.eu//press/key/date/2026/html/ecb.sp260220~58ceaf28ff.en.html,2026-02-20T00:00:00,Other,neutral,0.5,,,
BIS (Research Hub),Why Do Firms Pay Different Interest Rates on Their Bank Loans?,"Federal Reserve Bank of Richmond Working Papers by Mary Amiti, Anil K. Kashyap, Anna Kovner and David E. Weinstein",https://www.richmondfed.org/-/media/RichmondFedOrg/publications/research/working_papers/2026/wp26-03.pdf,2026-02-20T00:00:00,Monetary Policy,neutral,0.5,Federal Reserve,,
Federal Reserve (Press),Federal Reserve Board announces approval of application by Fulton Financial Corporation,Federal Reserve Board announces approval of application by Fulton Financial Corporation,https://www.federalreserve.gov/newsevents/pressreleases/orders20260219a.htm,2026-02-19T21:30:00,Other,neutral,0.5,Federal Reserve,,
Federal Reserve (Press),"Federal Reserve Board announces it will hold a hybrid public outreach meeting on Thursday, March 26, as part of its review of regulations under the Economic Growth and Regulatory Paperwork Reduction Act (EGRPRA)","Federal Reserve Board announces it will hold a hybrid public outreach meeting on Thursday, March 26, as part of its review of regulations under the Economic Growth and Regulatory Paperwork Reduction Act (EGRPRA)",https://www.federalreserve.gov/newsevents/pressreleases/other20260219a.htm,2026-02-19T20:00:00,Monetary Policy,neutral,0.5,Federal Reserve,,
Federal Reserve (Speeches),"Bowman, Opening Remarks","Speech At the Federal Reserve Bank of Atlanta 2026 Banking Outlook Conference: The Next Horizon in Banking, Atlanta, Georgia (via pre-recorded video)",https://www.federalreserve.gov/newsevents/speech/bowman20260219a.htm,2026-02-19T13:30:00,Other,neutral,0.5,Federal Reserve,,
ECB (Blog),Climate-related disasters can push up the cost of debt,,https://www.ecb.europa.eu//press/blog/date/2026/html/ecb.blog20260219~5954458037.en.html,2026-02-19T10:00:00,Other,neutral,0.5,,,
BIS Data Portal (Release Calendar),"Central bank policy rates, 2026-01 / Daily and monthly data",Contains the long series on central bank policy rates,https://data.bis.org/topics/CBPOL,2026-02-19T10:00:00,Monetary Policy,neutral,0.5,,,
BIS Data Portal (Release Calendar),"Commercial property prices, 2025-12 / Release","Tracks developments of office, retail premises and industrial property prices",https://data.bis.org/topics/CPP,2026-02-19T10:00:00,Inflation,neutral,0.5,,,
BIS Data Portal (Release Calendar),"Effective exchange rates, 2026-01 / Nominal / real monthly data",Measures the value of a currency against a basket of other currencies,https://data.bis.org/topics/EER,2026-02-19T10:00:00,Monetary Policy,neutral,0.5,,,
BIS Data Portal (Release Calendar),"Effective exchange rates, 2026-02-16 / Nominal daily data",Measures the value of a currency against a basket of other currencies,https://data.bis.org/topics/EER,2026-02-19T10:00:00,Monetary Policy,neutral,0.5,,,
BIS Data Portal (Release Calendar),"Residential property prices, 2025-12 / Detailed residential release",Tracks developments of residential property prices including regional data and information for various property types,https://data.bis.org/topics/RPP,2026-02-19T10:00:00,Inflation,neutral,0.5,,,
BIS Data Portal (Release Calendar),"Residential property prices, 2025-Q3 / Selected residential standard release",Tracks developments of residential property prices including regional data and information for various property types,https://data.bis.org/topics/RPP,2026-02-19T10:00:00,Inflation,neutral,0.5,,,
BIS (Statistics),"BIS residential property price statistics, Q3 2025","In the third quarter of 2025, global real house prices fell by 0.7% year on year (yoy), a rate similar to the previous quarter (&#8211;0.8%); this was despite a rise in nominal prices (2%). Real house prices in AEs were almost stable (0.3% yoy), extending the recent period of moderate growth. In EMEs, prices continued to decrease, at a slower rate (&#8211;1.5%) compared with the previous quarters. The global decline in real house prices in aggregate terms was driven by a few major economies. In fact, most AEs and EMEs recorded price growth. Despite the continued decrease, global prices remain 20% above their levels observed at the end of the 2007&#8211;09 Great Financial Crisis (GFC), and 3% above pre-Covid pandemic levels.",https://www.bis.org/statistics/pp_residential_2602.htm,2026-02-19T09:33:00,Monetary Policy,negative,0.9,,,
ECB (Statistical Press Releases),Euro area monthly balance of payments: December 2025,,https://www.ecb.europa.eu//press/stats/bop/2026/html/ecb.bp20260219~d5a1166afd.en.html,2026-02-19T09:00:00,FX / Markets,neutral,0.5,Euro,,
BIS (Research Hub),"Does Experience Matter? Past Fraud Experiences, Data Compromises, and Credit Market Behavior",Federal Reserve Bank of Philadelphia Working Papers by Nathan Blascak and Ying Lei Toh,https://www.philadelphiafed.org/-/media/FRBP/Assets/working-papers/2026/wp26-10.pdf,2026-02-19T00:00:00,FX / Markets,neutral,0.5,Federal Reserve,,
Federal Reserve (Press),"Minutes of the Federal Open Market Committee, January 27–28, 2026","Minutes of the Federal Open Market Committee, January 27–28, 2026",https://www.federalreserve.gov/newsevents/pressreleases/monetary20260218a.htm,2026-02-18T19:00:00,Monetary Policy,neutral,0.5,,,
Federal Reserve (Speeches),"Barr, What Will Artificial Intelligence Mean for the Labor Market and the Economy?","Speech At the New York Association for Business Economics, New York, New York",https://www.federalreserve.gov/newsevents/speech/barr20260217a.htm,2026-02-17T17:45:00,Labor Market,neutral,0.5,,,
BIS (Press Releases),Basel Committee publishes analysis of synthetic risk transfers,The Basel Committee on Banking Supervision today published a report on synthetic risk transfer (SRT) transactions. The economic importance of SRT markets has grown rapidly over the last decade and they have become an important source of capital relief for corporate credit risk.,https://www.bis.org/press/p260217.htm,2026-02-17T13:47:00,Monetary Policy,negative,0.9,,,
ECB (Working Papers),Bayesian inference in IV regressions,"It is well known that standard frequentist inference breaks down in IV regressions with weak instruments. Bayesian inference with diffuse priors suffers from the same problem. We show that the issue arises because flat priors on the first-stage coefficients overstate instrument strength. In contrast, inference improves drastically when an uninformative prior is specified directly on the concentration parameter—the key nuisance parameter capturing instrument relevance. The resulting Bayesian credible intervals are asymptotically equivalent to the frequentist confidence intervals based on conditioning approaches, and remain robust to weak instruments.",https://www.ecb.europa.eu//pub/pdf/scpwps/ecb.wp3189~4bf2164061.en.pdf,2026-02-17T10:00:00,Other,positive,0.9,,,
BIS (Research Hub),"Does Experience Matter? Past Fraud Experiences, Data Compromises, and Credit Market Behavior",Federal Reserve Bank of Kansas City Research Working Papers by Nathan Blascak and Ying Lei Toh,https://www.kansascityfed.org/research/research-working-papers/does-experience-matter-past-fraud-experiences-data-compromises-and-credit-market-behavior/,2026-02-17T00:00:00,FX / Markets,neutral,0.5,Federal Reserve,,
BIS (Research Hub),Merchant Steering of Consumer Payment Choice,"Federal Reserve Bank of Atlanta Working Papers by Claire Greene, Oz Shy and Joanna Stavins",https://www.atlantafed.org/-/media/Project/Atlanta/FRBA/Documents/research/publication/working-paper/2026/02/17/02-merchant-steering-of-consumer-payment-choice.pdf,2026-02-17T00:00:00,Other,neutral,0.5,Federal Reserve,,
Federal Reserve (Speeches),"Bowman, Revitalizing Bank Mortgage Lending, One Step with Basel","Speech At The American Bankers Association 2026 Conference for Community Bankers, Orlando, Florida",https://www.federalreserve.gov/newsevents/speech/bowman20260216a.htm,2026-02-16T13:25:00,Other,neutral,0.5,,,
ECB (Blog),Using AI to transform the ECB’s Corporate Telephone Survey,,https://www.ecb.europa.eu//press/blog/date/2026/html/ecb.blog20260216~6ae9dd0ef0.en.html,2026-02-16T10:00:00,Monetary Policy,neutral,0.5,ECB,,
ECB (Working Papers),A structural model of capital buffer usability,"Under which conditions do usability constraints for regulatory capital buffers emerge? To answer this question, we build a non-linear structural banking sector model with a minimum capital requirement that banks are not allowed to breach, and a capital buffer requirement (CBR) that banks can breach but if they do so potential stigma applies. We prove that even very low stigma costs induce large buffer usability constraints, i.e. when faced with losses banks will deleverage significantly to avoid that their capital ratio falls below the CBR. Our findings imply that non-releasble regulatory capital buffers are unlikely to fully achieve their macro stabilisation goal to support aggregate loan supply when the banking system faces losses.",https://www.ecb.europa.eu//pub/pdf/scpwps/ecb.wp3188~28f203e31a.en.pdf,2026-02-16T10:00:00,Other,neutral,0.5,,,
BoE (News),Summary of AI roundtables - February 2026,"The Bank of England held roundtable meetings with representatives from regulated firms on the responsible adoption of artificial intelligence and machine learning (AI and ML), to better understand the constraints that firms may be facing.",https://www.bankofengland.co.uk/minutes/2026/february/summary-of-ai-roundtables-feb-2026,2026-02-16T10:00:00,Monetary Policy,neutral,0.5,Bank of England,,
BIS (Research Hub),Consumer Price Stickiness in the Euro Area During an Inflation Surge,"Bank of Latvia Working Papers by Erwan Gautier, Cristina Conflitti, Daniel Enderle, Ludmila Fadejeva, Alex Grimaud, Eduardo Gutierrez, Valentin Jouvanceau, Jan-Oliver Menz, Alari Paulus, Pavlos Petroulas, Pau Roldan-Blanco and Elisabeth Wieland",https://datnes.latvijasbanka.lv/papers/WP_1-2026.pdf,2026-02-16T00:00:00,FX / Markets,positive,0.9,Euro,,
ECB (Blog),Why we need an EU perspective in the supervision of large asset managers,,https://www.ecb.europa.eu//press/blog/date/2026/html/ecb.blog20260213~971ac2c623.en.html,2026-02-13T11:00:00,Other,neutral,0.5,,,
BoE (News),Minutes of the Market Participants Group meeting – 12 February 2026,The Market Participants Group (MPG) is a senior-level forum for financial market participants to share their views on relevant themes and narratives in financial markets with members of the Bank of England’s Monetary Policy Committee.,https://www.bankofengland.co.uk/minutes/2026/february/market-participants-group-meeting-12-february-2026,2026-02-13T07:30:00,Monetary Policy,neutral,0.5,Bank of England,,
Federal Reserve (Press),"Federal Reserve Board announces approval of application by Cooperativa de Ahorro y Credito Elga, Ltda.","Federal Reserve Board announces approval of application by Cooperativa de Ahorro y Credito Elga, Ltda.",https://www.federalreserve.gov/newsevents/pressreleases/orders20260212a.htm,2026-02-12T21:00:00,Other,neutral,0.5,Federal Reserve,,
Federal Reserve (Press),Federal Reserve Board issues enforcement action with former employee of Regions Bank,Federal Reserve Board issues enforcement action with former employee of Regions Bank,https://www.federalreserve.gov/newsevents/pressreleases/enforcement20260212a.htm,2026-02-12T16:00:00,Other,neutral,0.5,Federal Reserve,,
ECB (Working Papers),Margins as canaries in the coal mine,"Central clearing counterparties (CCPs) manage counterparty risk by requiring clearing members to post margins. This paper explores the role of margins as “canaries in the coal mine:” By inducing defaults of fragile counterparties before contract maturity, margin calls enable CCPs to transfer these contracts to other counterparties, thereby preserving risk sharing. Our model reveals a pecking order of CCP risk management tools. When fragility is low, loss sharing among original counterparties suffices. When fragility is high, such that defaults at contract maturity would trigger cascading failures among clearing members, the CCP optimally complements loss sharing with margins. It is optimal to use margins as canaries when the balance sheets of fragile counterparties are severely impaired. Our findings highlight the complementary nature of CCP risk management tools: margins, loss sharing, and counterparty replacement.",https://www.ecb.europa.eu//pub/pdf/scpwps/ecb.wp3187~204583096f.en.pdf,2026-02-12T10:00:00,Other,negative,0.9,,,
ECB (Working Papers),Fiscal monitoring with VARs,"We design a Bayesian Mixed-Frequency vector autoregression (VAR) model for fiscal monitoring, i.e., to nowcast the government deficit-to-GDP ratio in real time and provide a narrative for its dynamics. The model incorporates both monthly cash and quarterly accrual fiscal indicators, together with other high-frequency macroeconomic and financial variables, as well as real GDP and the GDP deflator. Our model produces timely monthly density nowcasts of the annual deficit ratio, while governments and official institutions generally only publish their point predictions bi-annually. Based on a database of real-time vintages of macroeconomic, financial and fiscal variables for Italy, we show that the nowcasts of the annual deficit to GDP ratio of our model are similarly or more accurate than those of the European Commission, depending on the month in which the nowcast is produced. Our scenario analysis compares the dynamics of the deficit ratio associated with a monetary and a typical recession, finding a more muted response in the latter case.",https://www.ecb.europa.eu//pub/pdf/scpwps/ecb.wp3186~fe7650f88d.en.pdf,2026-02-12T10:00:00,Monetary Policy,negative,0.9,,,
BIS Data Portal (Release Calendar),"Bilateral exchange rates, 2026-01 / Daily and monthly data",Records the nominal value of one US dollar relative to a given currency,https://data.bis.org/topics/XRU,2026-02-12T10:00:00,Monetary Policy,neutral,0.5,Dollar,,
ECB (Blog),Isabel Schnabel: Made in Europe,,https://www.ecb.europa.eu//press/blog/date/2026/html/ecb.blog20260212~89f473cdba.en.html,2026-02-12T07:00:00,FX / Markets,neutral,0.5,,,
BIS (Research Hub),Initial Margin for Crypto Currencies Risks in Uncleared Markets,"Board of Governors of the Federal Reserve System Finance and Economics Discussion Series by Anna Amirdjanova, David Lynch and Anni Zheng",https://www.federalreserve.gov/econres/feds/files/2026009pap.pdf,2026-02-12T00:00:00,Other,negative,0.9,Federal Reserve,,
BIS (Research Hub),"Unveiling Demand Function Dynamics: A Scalable, Cross-Market Estimation Using Point-of-Sale Data",Bank of Japan Working Papers by Ryotaro Todoroki and Kazuki Otaka,https://www.boj.or.jp/en/research/wps_rev/wps_2026/data/wp26e02.pdf,2026-02-12T00:00:00,Other,neutral,0.5,Bank of Japan,,
BIS (Research Hub),Model Risk Under CECL: A Consumer Finance Perspective,Federal Reserve Bank of Philadelphia Working Papers by Jose J. Canals-Cerda,https://www.philadelphiafed.org/-/media/frbp/assets/working-papers/2026/wp26-09.pdf,2026-02-12T00:00:00,Other,negative,0.9,Federal Reserve,,
BoE (News),Foreign Currency Reserves 2026 – Market Notice 10 February 2026,"Not for distribution, directly or indirectly, in or into the United States, Canada, Australia, Japan or any other jurisdiction where it is unlawful to distribute this announcement",https://www.bankofengland.co.uk/markets/market-notices/2026/february/foreign-currency-reserves-10-february-2026,2026-02-10T16:30:00,Other,neutral,0.5,,,
ECB (Blog),"Lower inflation, weaker activity: what foreign import tariffs mean for the euro area",,https://www.ecb.europa.eu//press/blog/date/2026/html/ecb.blog20260210~187329b5f5.en.html,2026-02-10T10:00:00,FX / Markets,neutral,0.5,Euro,,
BIS (Research Hub),From traits to rates: How personality shapes inflation expectations,National Bank of the Republic of Austria Working Papers by Philipp Roderweis and Alexander Toplitsch,https://www.oenb.at/dam/jcr:5d1a8cce-c813-40e2-8a6a-b62535ea3321/wp-272.pdf,2026-02-10T00:00:00,Monetary Policy,neutral,0.5,,,
BIS (Press Releases),"Statement by Pablo Hernández de Cos, BIS General Manager, on François Villeroy de Galhau","François Villeroy de Galhau, Governor of the Bank of France, today announced his decision to leave the Bank of France at the beginning of June to become President of the Fondation Apprentis d'Auteuil. Accordingly, he will step down from his position as Chair of the BIS Board of Directors.",https://www.bis.org/press/p260209.htm,2026-02-09T14:05:00,Monetary Policy,neutral,0.5,,,
BoE (News),Foreign Currency Reserves 2026 – Market Notice 9 February 2026,"Not for distribution, directly or indirectly, in or into the United States, Canada, Australia, Japan or any other jurisdiction where it is unlawful to distribute this announcement",https://www.bankofengland.co.uk/markets/market-notices/2026/february/foreign-currency-reserves-9-february-2026,2026-02-09T12:30:00,Other,neutral,0.5,,,
BoE (News),Green notice 2026/01,"Green notices cover significant and/or significant proposals for Bank of England reporting. If any of these proposals are finalised and are to be implemented, they will appear in a statistical notice.",https://www.bankofengland.co.uk/statistics/notice/2026/green-notice-2026-01,2026-02-09T09:00:00,Other,neutral,0.5,Bank of England,,
BIS (Research Hub),Do Research Universities Recession-Proof Their Regions? Evidence from State Flagship College Towns,Federal Reserve Bank of Philadelphia Working Papers by Robert Calvert Jump and Adam Scavette,https://www.philadelphiafed.org/-/media/frbp/assets/working-papers/2026/wp26-08.pdf,2026-02-09T00:00:00,Growth,negative,0.9,Federal Reserve,,
BIS (Research Hub),Incorporating Micro Data into Macro Models Using Pseudo VARs,"Federal Reserve Bank of Cleveland Working Papers by Gary Koop, Stuart McIntyre, James Mitchell and Ping Wu",https://www.clevelandfed.org/-/media/project/clevelandfedtenant/clevelandfedsite/publications/working-papers/2026/wp2604.pdf,2026-02-09T00:00:00,Other,neutral,0.5,Federal Reserve,,
Federal Reserve (Speeches),"Jefferson, Economic Outlook and Supply-Side (Dis)Inflation Dynamics","Speech At the Brookings Institution, Washington, D.C.",https://www.federalreserve.gov/newsevents/speech/jefferson20260206a.htm,2026-02-06T17:00:00,Inflation,neutral,0.5,,,
ECB (Blog),A new member at the table: how Bulgaria’s euro adoption reshuffles the ECB,,https://www.ecb.europa.eu//press/blog/date/2026/html/ecb.blog20260206~9124ac61e7.en.html,2026-02-06T10:00:00,FX / Markets,neutral,0.5,"ECB, Euro",,
BoE (News),Update on changes to country groupings for International Banking Statistics,This article provides an update regarding implementing changes for country grouping conventions used in statistics covering the international business of monetary financial institutions operating in the UK and the consolidated claims of UK headquartered monetary financial institutions.,https://www.bankofengland.co.uk/statistics/articles/2026/update-on-changes-to-country-groupings-for-international-banking-statistics,2026-02-06T09:30:00,Other,neutral,0.5,,,
